제목,메모,URL,태그,댓글
,,,,
야마가타야,,https://www.google.com/maps/place/%EC%95%BC%EB%A7%88%EA%B0%80%ED%83%80%EC%95%BC/data=!4m2!3m1!1s0x6002dbbb7efe3005:0x34140341af73b5c0,,
Mori no Komichi,,https://www.google.com/maps/place/Mori+no+Komichi/data=!4m2!3m1!1s0x6002db33e665443d:0xaf167ce57291cc17,,
호텔 케이한 나고야,,https://www.google.com/maps/place/%ED%98%B8%ED%85%94+%EC%BC%80%EC%9D%B4%ED%95%9C+%EB%82%98%EA%B3%A0%EC%95%BC/data=!4m2!3m1!1s0x6003714269abb849:0xe7edeb28331db791,,
시라사기노유 온천,,https://www.google.com/maps/place/%EC%8B%9C%EB%9D%BC%EC%82%AC%EA%B8%B0%EB%85%B8%EC%9C%A0+%EC%98%A8%EC%B2%9C/data=!4m2!3m1!1s0x6002dbb986b3ffff:0xbcfd133ab179594e,,
유아미야,,https://www.google.com/maps/place/%EC%9C%A0%EC%95%84%EB%AF%B8%EC%95%BC/data=!4m2!3m1!1s0x6002dbb9c56afaad:0xcb1536477398d3b0,,
온센지 (온천사),,https://www.google.com/maps/place/%EC%98%A8%EC%84%BC%EC%A7%80+(%EC%98%A8%EC%B2%9C%EC%82%AC)/data=!4m2!3m1!1s0x6002dbba172fe9a1:0x2d157652498aa5b8,,
下呂カリーパン,,https://www.google.com/maps/place/%E4%B8%8B%E5%91%82%E3%82%AB%E3%83%AA%E3%83%BC%E3%83%91%E3%83%B3/data=!4m2!3m1!1s0x6002db095d0b1021:0x50bf7a769c27aa3,,
카에루신사(개구리신사),,https://www.google.com/maps/place/%EC%B9%B4%EC%97%90%EB%A3%A8%EC%8B%A0%EC%82%AC(%EA%B0%9C%EA%B5%AC%EB%A6%AC%EC%8B%A0%EC%82%AC)/data=!4m2!3m1!1s0x6002dbcbaaeb1f69:0xc5f22604ae8d8a0a,,
게로 푸딩,,https://www.google.com/maps/place/%EA%B2%8C%EB%A1%9C+%ED%91%B8%EB%94%A9/data=!4m2!3m1!1s0x6002dbf6b1be611d:0xf0a384bc3a984a64,,
Jazz Inn Lovely,,https://www.google.com/maps/place/Jazz+Inn+Lovely/data=!4m2!3m1!1s0x600370d70298816d:0x7ea07472e13be975,,
Happy End,,https://www.google.com/maps/place/Happy+End/data=!4m2!3m1!1s0x6003769306275e51:0xf262b4242992a9e6,,
Happy End,,https://www.google.com/maps/place/Happy+End/data=!4m2!3m1!1s0x60199b12b7fc202f:0x8499fc96b66efc57,,
세카이노야마짱 초자마치점,,https://www.google.com/maps/place/%EC%84%B8%EC%B9%B4%EC%9D%B4%EB%85%B8%EC%95%BC%EB%A7%88%EC%A7%B1+%EC%B4%88%EC%9E%90%EB%A7%88%EC%B9%98%EC%A0%90/data=!4m2!3m1!1s0x600376d59cae0c2f:0x2fc34b6f4632dd0b,,
나가시마 스파 랜드,,https://www.google.com/maps/place/%EB%82%98%EA%B0%80%EC%8B%9C%EB%A7%88+%EC%8A%A4%ED%8C%8C+%EB%9E%9C%EB%93%9C/data=!4m2!3m1!1s0x6003848c921cd7f5:0xaf90e65635011001,,
도쿠가와엔,,https://www.google.com/maps/place/%EB%8F%84%EC%BF%A0%EA%B0%80%EC%99%80%EC%97%94/data=!4m2!3m1!1s0x600370f52b86d80b:0x1b03350b0ab77ba3,,
기린 맥주 나고야 공장,,https://www.google.com/maps/place/%EA%B8%B0%EB%A6%B0+%EB%A7%A5%EC%A3%BC+%EB%82%98%EA%B3%A0%EC%95%BC+%EA%B3%B5%EC%9E%A5/data=!4m2!3m1!1s0x600375bb6f6f7b81:0x604ba0b151259ee,,
Mentai Park Tokoname,,https://www.google.com/maps/place/Mentai+Park+Tokoname/data=!4m2!3m1!1s0x600480aa12e6ed09:0xc3f4bc6b10d567fe,,
나고야 비행장(현영 나고야 공항),,https://www.google.com/maps/place/%EB%82%98%EA%B3%A0%EC%95%BC+%EB%B9%84%ED%96%89%EC%9E%A5(%ED%98%84%EC%98%81+%EB%82%98%EA%B3%A0%EC%95%BC+%EA%B3%B5%ED%95%AD)/data=!4m2!3m1!1s0x6003a1406c805f4f:0x3ff9c0ed85c30f13,,
라무치이,,https://www.google.com/maps/place/%EB%9D%BC%EB%AC%B4%EC%B9%98%EC%9D%B4/data=!4m2!3m1!1s0x600370d18bd678a9:0xb6092c2b9e4271d4,,
오아시스 21,,https://www.google.com/maps/place/%EC%98%A4%EC%95%84%EC%8B%9C%EC%8A%A4+21/data=!4m2!3m1!1s0x600370d429e2994f:0x54bee562b7bb83d6,,
콘파루 사카에니시점,,https://www.google.com/maps/place/%EC%BD%98%ED%8C%8C%EB%A3%A8+%EC%82%AC%EC%B9%B4%EC%97%90%EB%8B%88%EC%8B%9C%EC%A0%90/data=!4m2!3m1!1s0x600370d162745a37:0x93e09a5536a2a37d,,
야바톤 야바쵸본점,,https://www.google.com/maps/place/%EC%95%BC%EB%B0%94%ED%86%A4+%EC%95%BC%EB%B0%94%EC%B5%B8%EB%B3%B8%EC%A0%90/data=!4m2!3m1!1s0x600371d3fc484879:0xddcbace50f91348,,
돈키호테 오스점,,https://www.google.com/maps/place/%EB%8F%88%ED%82%A4%ED%98%B8%ED%85%8C+%EC%98%A4%EC%8A%A4%EC%A0%90/data=!4m2!3m1!1s0x60037163b1e4f2bd:0xb8306b353a9dda2c,,
야바톤 나고야역 메이테츠점,,https://www.google.com/maps/place/%EC%95%BC%EB%B0%94%ED%86%A4+%EB%82%98%EA%B3%A0%EC%95%BC%EC%97%AD+%EB%A9%94%EC%9D%B4%ED%85%8C%EC%B8%A0%EC%A0%90/data=!4m2!3m1!1s0x600376dde2555555:0x943ee0080f2d09b2,,
콘파루 이마이케점,,https://www.google.com/maps/place/%EC%BD%98%ED%8C%8C%EB%A3%A8+%EC%9D%B4%EB%A7%88%EC%9D%B4%EC%BC%80%EC%A0%90/data=!4m2!3m1!1s0x6003708cb80d7d41:0xfd583b476cc1add2,,
Osu Shotengai Shopping Street,,https://www.google.com/maps/place/Osu+Shotengai+Shopping+Street/data=!4m2!3m1!1s0x600370cca86bd965:0x8be395e24459aa4,,
Ifu-dodo,,https://www.google.com/maps/place/Ifu-dodo/data=!4m2!3m1!1s0x60037162e39bbbfb:0x9511615ed44db5fe,,
우나카와,,https://www.google.com/maps/place/%EC%9A%B0%EB%82%98%EC%B9%B4%EC%99%80/data=!4m2!3m1!1s0x60037091e4e9feb1:0xda4909bc6fa2789d,,
신라칸 메이토 본점,,https://www.google.com/maps/place/%EC%8B%A0%EB%9D%BC%EC%B9%B8+%EB%A9%94%EC%9D%B4%ED%86%A0+%EB%B3%B8%EC%A0%90/data=!4m2!3m1!1s0x600365042b9fb9d5:0xea06aec17ac6cad4,,
츄부국제공항,,https://www.google.com/maps/place/%EC%B8%84%EB%B6%80%EA%B5%AD%EC%A0%9C%EA%B3%B5%ED%95%AD/data=!4m2!3m1!1s0x60047d93edcc29cf:0x42987d286e2c0025,,
게로온천 오가와야,,https://www.google.com/maps/place/%EA%B2%8C%EB%A1%9C%EC%98%A8%EC%B2%9C+%EC%98%A4%EA%B0%80%EC%99%80%EC%95%BC/data=!4m2!3m1!1s0x6002dbb9bd879141:0x9d103ed97074b7c,,
지브리 파크,,https://www.google.com/maps/place/%EC%A7%80%EB%B8%8C%EB%A6%AC+%ED%8C%8C%ED%81%AC/data=!4m2!3m1!1s0x600367450203d0b3:0x36164b7a69c5128b,,
Hida Kotte Ushi,,https://www.google.com/maps/place/Hida+Kotte+Ushi/data=!4m2!3m1!1s0x6002bada3ed8331b:0xec7a2535306cd9b8,,
다카야마 옛마을,,https://www.google.com/maps/place/%EB%8B%A4%EC%B9%B4%EC%95%BC%EB%A7%88+%EC%98%9B%EB%A7%88%EC%9D%84/data=!4m2!3m1!1s0x6002bb8c40b33cb1:0x1b7d45c6cd92232e,,
사카구치야,,https://www.google.com/maps/place/%EC%82%AC%EC%B9%B4%EA%B5%AC%EC%B9%98%EC%95%BC/data=!4m2!3m1!1s0x6002bada4704336b:0x73afaea6e7bf3af9,,
시라카와고,,https://www.google.com/maps/place/%EC%8B%9C%EB%9D%BC%EC%B9%B4%EC%99%80%EA%B3%A0/data=!4m2!3m1!1s0x5ff871b0b6bf25e7:0xccc551bb9d5805f8,,
후나사카 양조장,,https://www.google.com/maps/place/%ED%9B%84%EB%82%98%EC%82%AC%EC%B9%B4+%EC%96%91%EC%A1%B0%EC%9E%A5/data=!4m2!3m1!1s0x6002badbba0a579f:0xd29ac2497563af25,,
